Id,Nome,SobreNome,Email,Genero,Idade,Pais,Telefone
1,Wendy,Scain,wscain0@accuweather.com,F,35,Canada,444-301-9643
2,Brant,Byrkmyr,bbyrkmyr1@elegantthemes.com,M,73,Peru,545-906-3314
3,Viola,Altimas,valtimas2@delicious.com,F,33,Iran,555-202-3551
4,Gabie,Burnitt,gburnitt3@scientificamerican.com,F,70,Indonesia,487-142-2530
5,Karol,Caen,kcaen4@sun.com,F,76,Peru,545-120-1533
6,Modestia,Adam,madam5@netvibes.com,F,23,Sweden,382-964-2728
7,Beck,Pentelow,bpentelow6@hostgator.com,M,68,Portugal,860-430-6659
8,Adrian,Sproul,asproul7@rambler.ru,M,36,Poland,790-295-8539
9,Jodee,Mayow,jmayow8@google.fr,F,21,Poland,402-664-1644
10,Brinn,Langmead,blangmead9@geocities.com,F,74,Portugal,238-937-4727
11,Wiatt,Enoch,wenocha@gov.uk,M,62,Russia,167-937-7310
12,Chen,Donavan,cdonavanb@bbc.co.uk,M,25,Nigeria,347-724-9168
13,Zarla,Tinto,ztintoc@unicef.org,F,65,Iran,753-211-7099
14,Andreana,Kibbey,akibbeyd@wordpress.com,F,45,Mongolia,766-618-4342
15,Inness,Kier,ikiere@addthis.com,M,26,Philippines,530-213-7958
16,Hubert,Myatt,hmyattf@chronoengine.com,M,85,China,203-503-1810
17,Cary,Packman,cpackmang@networksolutions.com,F,70,Indonesia,388-678-0829
18,Tibold,Fishly,tfishlyh@hostgator.com,M,24,Japan,237-436-1735
19,Garfield,Cruce,gcrucei@tripod.com,M,47,China,740-441-0798
20,Evangelin,Gannicleff,egannicleffj@goodreads.com,F,80,Australia,889-967-7748
21,Tobit,McGoogan,tmcgoogank@bbb.org,M,25,Cuba,550-804-4207
22,Neil,Wolstencroft,nwolstencroftl@wordpress.org,M,47,Philippines,780-695-8937
23,Tiffi,Boig,tboigm@eepurl.com,F,66,Brazil,561-920-1673
24,Francisco,Nightingale,fnightingalen@google.de,M,42,Portugal,752-549-8908
25,Calvin,Jordeson,cjordesono@weebly.com,M,60,Philippines,266-109-1065
26,Cristy,Bertome,cbertomep@uol.com.br,F,28,Philippines,575-652-2205
27,Faustina,Eskrigge,feskriggeq@pbs.org,F,33,Indonesia,374-313-9178
28,Moise,Murie,mmurier@nytimes.com,M,18,France,573-111-4487
29,Stacia,Vanyatin,svanyatins@prnewswire.com,F,52,Poland,687-163-7846
30,Nelle,Ralestone,nralestonet@barnesandnoble.com,F,28,Paraguay,766-419-4686
31,Mirella,Josilowski,mjosilowskiu@apple.com,F,88,South Africa,208-102-0936
32,Beverly,Gennerich,bgennerichv@wikia.com,F,29,Turkmenistan,600-483-0983
33,Roberta,Umbers,rumbersw@noaa.gov,F,76,Philippines,805-938-6154
34,Vincenz,Stephens,vstephensx@gizmodo.com,M,48,Slovenia,214-401-5430
35,Etienne,Spens,espensy@360.cn,M,34,Mexico,756-849-6661
36,Livia,Theobalds,ltheobaldsz@vinaora.com,F,54,Portugal,189-873-2427
37,Richy,Entissle,rentissle10@technorati.com,M,77,Indonesia,237-963-7282
38,Brittany,Scrigmour,bscrigmour11@g.co,F,52,Estonia,955-905-5591
39,Gino,Harnott,gharnott12@weebly.com,M,72,Argentina,606-804-7874
40,Zondra,Krishtopaittis,zkrishtopaittis13@mayoclinic.com,F,36,Belarus,335-970-1970
41,Micky,Scotfurth,mscotfurth14@constantcontact.com,M,39,Indonesia,470-638-4823
42,Ximenez,Kilfedder,xkilfedder15@hatena.ne.jp,M,78,New Caledonia,712-480-0717
43,Bernarr,Brazenor,bbrazenor16@bloglovin.com,M,69,Japan,458-348-7744
44,Irvine,Newdick,inewdick17@cdbaby.com,M,22,Macedonia,735-562-7877
45,Reid,Postlethwaite,rpostlethwaite18@boston.com,M,82,Colombia,355-197-1793
46,Donnamarie,Heffernan,dheffernan19@imdb.com,F,77,Ukraine,689-209-3504
47,Holly-anne,Hairs,hhairs1a@issuu.com,F,39,Indonesia,926-726-1793
48,Deana,Bartelli,dbartelli1b@t.co,F,69,Colombia,979-557-8421
49,Ezra,Bletcher,ebletcher1c@disqus.com,M,82,Czech Republic,691-587-8572
50,Valeria,Mattheissen,vmattheissen1d@delicious.com,F,74,Gabon,956-331-6194
51,Kingston,Buglar,kbuglar1e@bluehost.com,M,63,Palestinian Territory,914-187-8568
52,Lucy,Bostick,lbostick1f@blogtalkradio.com,F,21,China,619-949-2987
53,Jake,Crassweller,jcrassweller1g@amazon.co.jp,M,64,Finland,493-842-8770
54,Sandi,Posselt,sposselt1h@senate.gov,F,59,China,413-482-3832
55,Jocelyne,Oleshunin,joleshunin1i@tripod.com,F,31,China,123-534-2978
56,Jackson,Swindell,jswindell1j@time.com,M,75,Paraguay,631-696-9597
57,Rutherford,Eve,reve1k@multiply.com,M,23,Sweden,853-520-8050
58,Leila,Mauvin,lmauvin1l@newyorker.com,F,81,China,421-939-6202
59,Korie,Volkes,kvolkes1m@blogs.com,F,90,Peru,499-654-8612
60,Hanson,Jamblin,hjamblin1n@bloglines.com,M,45,Brazil,316-500-4291
61,Alanson,Johl,ajohl1o@answers.com,M,64,United States,217-738-0924
62,Eryn,Larvor,elarvor1p@amazonaws.com,F,32,Poland,972-657-3341
63,Welsh,Bines,wbines1q@yandex.ru,M,81,Philippines,305-407-9100
64,Phyllys,Haggett,phaggett1r@marketwatch.com,F,63,China,192-913-1613
65,Eleanor,Rolance,erolance1s@ning.com,F,87,China,335-188-7201
66,Marijn,Deverall,mdeverall1t@shareasale.com,M,43,Dominican Republic,908-324-6144
67,Ilysa,Edgson,iedgson1u@blogspot.com,F,63,Philippines,639-230-4535
68,Sabra,Grutchfield,sgrutchfield1v@paypal.com,F,83,China,645-650-0528
69,Reta,Blazevic,rblazevic1w@google.fr,F,77,Indonesia,135-679-2795
70,Ragnar,Vischi,rvischi1x@de.vu,M,69,Indonesia,780-990-2752
71,Lacie,Farran,lfarran1y@creativecommons.org,F,83,France,798-232-2534
72,Lev,Tempest,ltempest1z@weebly.com,M,29,Equatorial Guinea,249-555-6789
73,Gabbie,Lanbertoni,glanbertoni20@weather.com,M,51,Uganda,290-539-8940
74,Monique,Brack,mbrack21@bandcamp.com,F,89,China,199-786-6377
75,Kriste,Fitt,kfitt22@theatlantic.com,F,74,Bangladesh,529-313-2089
76,Lizzie,Freeborne,lfreeborne23@webmd.com,F,61,Czech Republic,901-724-0694
77,Cordelie,Stockill,cstockill24@google.com.au,F,64,Poland,719-427-8931
78,Nomi,Harower,nharower25@youku.com,F,42,Australia,922-864-4868
79,Angeline,Bickerdicke,abickerdicke26@cpanel.net,F,74,Azerbaijan,432-578-8044
80,Barny,Futty,bfutty27@illinois.edu,M,56,Philippines,957-842-7888
81,Marje,MacMarcuis,mmacmarcuis28@vimeo.com,F,79,Yemen,371-183-8797
82,Crosby,Withey,cwithey29@cdc.gov,M,39,Russia,748-609-0126
83,Emmaline,Goolden,egoolden2a@telegraph.co.uk,F,67,Brazil,174-413-2285
84,Bradley,Kubiczek,bkubiczek2b@opera.com,M,73,Sweden,706-500-4357
85,Zed,Gniewosz,zgniewosz2c@ftc.gov,M,43,Philippines,311-931-5056
86,Meg,Olney,molney2d@ebay.com,F,73,Senegal,306-976-1346
87,Rena,Bento,rbento2e@berkeley.edu,F,73,China,602-488-3186
88,Hephzibah,Fripp,hfripp2f@newyorker.com,F,72,Ireland,454-206-8925
89,Rodge,Keetch,rkeetch2g@bloomberg.com,M,23,Czech Republic,619-302-6522
90,Barn,Uvedale,buvedale2h@sogou.com,M,66,Philippines,725-307-6912
91,Anstice,Swatman,aswatman2i@gravatar.com,F,75,China,561-746-0609
92,Fair,Mabb,fmabb2j@senate.gov,M,80,Ukraine,635-115-4932
93,Modesta,Kneath,mkneath2k@state.tx.us,F,68,Ireland,650-808-3297
94,Englebert,Garlinge,egarlinge2l@google.nl,M,18,Ukraine,568-566-4255
95,Kip,Cadany,kcadany2m@jigsy.com,M,48,South Africa,295-598-7838
96,Alfy,Mathewes,amathewes2n@spotify.com,F,77,Indonesia,993-275-0671
97,Gordan,Scholler,gscholler2o@google.co.uk,M,21,Gambia,725-566-1190
98,Eloisa,Tyrone,etyrone2p@free.fr,F,53,Turkmenistan,609-984-3804
99,Sheryl,Tompkinson,stompkinson2q@about.com,F,61,Guatemala,200-780-1019
100,Evelina,Adrien,eadrien2r@google.com.au,F,90,Russia,737-585-2345
101,Davy,Bibey,dbibey2s@github.com,M,41,Czech Republic,142-125-9779
102,Raphaela,Yarker,ryarker2t@dagondesign.com,F,29,Indonesia,141-514-6214
103,Jimmie,Sigge,jsigge2u@theguardian.com,M,62,Czech Republic,863-676-5862
104,Nada,McColl,nmccoll2v@bbc.co.uk,F,31,Russia,774-750-7779
105,Rad,Mattiassi,rmattiassi2w@baidu.com,M,68,Greece,198-375-9891
106,Judi,Whitlow,jwhitlow2x@cyberchimps.com,F,65,Brazil,359-462-3282
107,Caralie,Routledge,croutledge2y@baidu.com,F,41,Indonesia,712-649-3462
108,Jesse,Gable,jgable2z@google.com.br,M,75,China,471-571-8986
109,Micah,Placido,mplacido30@biglobe.ne.jp,M,55,Rwanda,787-724-8552
110,Gawain,Dewicke,gdewicke31@flavors.me,M,42,Netherlands,232-290-2426
111,Lyon,Woodlands,lwoodlands32@dion.ne.jp,M,65,Comoros,260-779-6395
112,Lorens,Kave,lkave33@google.co.jp,M,83,Nigeria,609-590-2464
113,Zared,Hubball,zhubball34@hhs.gov,M,33,United States,404-738-3948
114,Valdemar,Creddon,vcreddon35@redcross.org,M,80,Indonesia,655-898-2711
115,Rhoda,Branchet,rbranchet36@cpanel.net,F,40,Brazil,788-843-2342
116,Ewen,Jindacek,ejindacek37@instagram.com,M,88,Indonesia,208-171-7227
117,Edmon,July,ejuly38@blogs.com,M,78,United States,562-488-7799
118,Theodora,Osmar,tosmar39@alibaba.com,F,32,Portugal,594-236-6416
119,Rudy,Paxforde,rpaxforde3a@wisc.edu,M,71,China,504-872-4858
120,Auroora,Venart,avenart3b@chron.com,F,23,Czech Republic,736-501-7662
121,Rufus,Roderham,rroderham3c@wufoo.com,M,71,Mexico,559-276-5448
122,Randell,Raye,rraye3d@psu.edu,M,58,China,696-746-7362
123,Stephannie,Eddis,seddis3e@istockphoto.com,F,31,Indonesia,864-584-6866
124,Daffy,Kitteman,dkitteman3f@cbc.ca,F,32,Chile,692-728-6880
125,Webster,Thieme,wthieme3g@barnesandnoble.com,M,31,India,634-749-0595
126,Leigha,MacAree,lmacaree3h@bbb.org,F,28,Czech Republic,191-505-3293
127,Abbi,Elderkin,aelderkin3i@mozilla.org,F,46,Brazil,100-485-3205
128,Selle,Vanne,svanne3j@vinaora.com,F,36,Finland,696-823-4574
129,Chadd,Farrar,cfarrar3k@slate.com,M,22,Sweden,295-798-0927
130,Sorcha,Scanlon,sscanlon3l@archive.org,F,26,Portugal,531-985-9691
131,Liesa,Ciccottini,lciccottini3m@sciencedaily.com,F,24,France,223-545-1000
132,Blanche,Woodburn,bwoodburn3n@pen.io,F,75,Croatia,826-857-1334
133,Helyn,Lefever,hlefever3o@sciencedirect.com,F,73,Costa Rica,691-632-8476
134,Barth,Kirgan,bkirgan3p@miitbeian.gov.cn,M,37,Nigeria,738-744-9707
135,Inger,Iannini,iiannini3q@slate.com,M,30,Russia,713-416-2511
136,Rafaello,Stedall,rstedall3r@seesaa.net,M,54,China,147-847-3167
137,Emelita,Domanski,edomanski3s@netlog.com,F,48,Russia,826-313-2313
138,Hadria,Loache,hloache3t@weibo.com,F,59,China,483-882-6371
139,Denys,Novakovic,dnovakovic3u@state.gov,F,37,Indonesia,503-356-5023
140,Guy,Raoul,graoul3v@irs.gov,M,79,China,712-318-4480
141,Bo,Smeeton,bsmeeton3w@redcross.org,M,62,Cameroon,569-314-4510
142,Berk,Bunch,bbunch3x@vimeo.com,M,77,Japan,671-762-5919
143,Moreen,Folomin,mfolomin3y@deliciousdays.com,F,71,China,963-844-4874
144,Rowena,Goggin,rgoggin3z@google.cn,F,38,Russia,308-902-1320
145,Chrissie,Geertje,cgeertje40@homestead.com,M,27,Argentina,932-437-4186
146,Gianina,Weildish,gweildish41@biglobe.ne.jp,F,80,Indonesia,840-666-7203
147,Val,Merigot,vmerigot42@xing.com,M,60,Dominican Republic,841-117-1138
148,Fredi,Roja,froja43@symantec.com,F,28,Colombia,286-253-6021
149,Darb,Tire,dtire44@wsj.com,F,51,United States,334-574-5987
150,Karita,Macallam,kmacallam45@howstuffworks.com,F,72,Burkina Faso,456-742-4591
151,Evelyn,Brumwell,ebrumwell46@techcrunch.com,F,73,Philippines,801-709-2538
152,Valli,Mainland,vmainland47@chronoengine.com,F,18,Croatia,286-116-5472
153,Randi,Dorrity,rdorrity48@i2i.jp,M,31,Mexico,240-617-0175
154,Dell,Bloggett,dbloggett49@tiny.cc,F,18,Philippines,218-678-2932
155,Marlow,Slides,mslides4a@posterous.com,M,43,Indonesia,763-546-5563
156,Roley,Breckell,rbreckell4b@cnn.com,M,55,Indonesia,480-341-5216
157,Dania,Brunroth,dbrunroth4c@scientificamerican.com,F,71,Sri Lanka,807-965-8861
158,Maje,Berger,mberger4d@slashdot.org,M,32,Poland,295-503-8611
159,Kerk,Leishman,kleishman4e@hibu.com,M,54,Indonesia,392-751-8379
160,Ignazio,Keenlyside,ikeenlyside4f@yahoo.com,M,26,Japan,924-282-0927
161,Bernadette,Farnin,bfarnin4g@globo.com,F,20,China,652-133-7654
162,Kenton,Simon,ksimon4h@facebook.com,M,19,Japan,232-529-0694
163,Francois,Hebblethwaite,fhebblethwaite4i@rakuten.co.jp,M,50,Jamaica,873-404-8278
164,Huey,Heugle,hheugle4j@cbc.ca,M,71,Kazakhstan,624-406-8582
165,Laurens,Sarsfield,lsarsfield4k@eepurl.com,M,26,China,663-583-8359
166,Bartie,Muncer,bmuncer4l@51.la,M,63,Madagascar,505-671-3367
167,Annelise,Le feaver,alefeaver4m@imdb.com,F,53,China,705-310-6087
168,Merilyn,State,mstate4n@freewebs.com,F,46,Armenia,639-374-1071
169,Jefferson,Bartalucci,jbartalucci4o@github.io,M,73,Costa Rica,715-456-3079
170,Rolando,Godsal,rgodsal4p@icq.com,M,26,Portugal,552-841-2855
171,Dacia,Glossup,dglossup4q@mapy.cz,F,34,Bulgaria,792-166-2040
172,Abigale,Inott,ainott4r@gnu.org,F,33,Colombia,587-250-3399
173,Marybelle,Girardini,mgirardini4s@cbsnews.com,F,64,France,457-828-3838
174,Melinda,Parslow,mparslow4t@ebay.co.uk,F,78,Indonesia,607-656-3425
175,Minna,Frake,mfrake4u@sphinn.com,F,75,France,345-498-7553
176,Kamillah,Baudy,kbaudy4v@harvard.edu,F,70,Russia,225-282-6627
177,Jase,Fechnie,jfechnie4w@bluehost.com,M,34,Philippines,614-102-8662
178,Vance,Farthin,vfarthin4x@list-manage.com,M,66,Brazil,263-458-6423
179,Nollie,Durtnell,ndurtnell4y@1und1.de,F,66,Brazil,375-569-2514
180,Berne,Reditt,breditt4z@ft.com,M,87,Philippines,354-494-5656
181,Fletch,Keemer,fkeemer50@smh.com.au,M,55,Portugal,522-541-9547
182,Doralynne,Morison,dmorison51@youtu.be,F,27,Japan,203-453-1870
183,Gill,Livick,glivick52@networksolutions.com,M,39,China,617-297-7605
184,Renata,Tonkinson,rtonkinson53@photobucket.com,F,60,China,631-981-6063
185,Karil,Libbie,klibbie54@go.com,F,49,Peru,491-951-8561
186,Rosemonde,Buckenhill,rbuckenhill55@google.de,F,41,Indonesia,707-657-6221
187,Cash,Issard,cissard56@ca.gov,M,80,Indonesia,431-669-5514
188,Emilio,Shrimptone,eshrimptone57@home.pl,M,31,Poland,819-178-2385
189,Penelope,Brosetti,pbrosetti58@marriott.com,F,63,Kazakhstan,513-724-3819
190,Carla,Feeham,cfeeham59@godaddy.com,F,85,Serbia,515-634-7955
191,Edvard,Liptrot,eliptrot5a@baidu.com,M,64,China,850-366-9612
192,Estele,Bramich,ebramich5b@1688.com,F,20,Portugal,379-611-6594
193,Kirstin,Armsden,karmsden5c@deviantart.com,F,65,Indonesia,778-322-8268
194,Hogan,Aindrais,haindrais5d@wikipedia.org,M,86,Finland,604-967-2327
195,Travis,Yaxley,tyaxley5e@fotki.com,M,28,Portugal,732-612-8803
196,Erich,Giddons,egiddons5f@oracle.com,M,65,Tunisia,230-131-5553
197,Kiah,Keesman,kkeesman5g@wix.com,F,66,China,953-286-7532
198,Marcille,Petrakov,mpetrakov5h@ed.gov,F,68,France,369-979-3246
199,Melisent,Hazelgrove,mhazelgrove5i@nasa.gov,F,33,Portugal,315-166-9869
200,Joseph,Cleveley,jcleveley5j@hhs.gov,M,63,China,268-464-4631
201,Murdoch,Braikenridge,mbraikenridge5k@trellian.com,M,66,China,252-611-1286
202,Dorene,Schiefersten,dschiefersten5l@live.com,F,35,Poland,906-409-9145
203,Eloise,Joesbury,ejoesbury5m@msu.edu,F,81,China,939-351-7096
204,Laural,McGown,lmcgown5n@livejournal.com,F,82,China,170-824-5061
205,Terri-jo,McCreary,tmccreary5o@ocn.ne.jp,F,21,France,249-663-9232
206,Chrysa,Timny,ctimny5p@bing.com,F,69,China,138-731-5853
207,Orren,Shoard,oshoard5q@google.ru,M,50,China,362-926-9192
208,Gregoire,Garrioch,ggarrioch5r@discovery.com,M,49,Canada,485-559-2615
209,Therine,Abramamov,tabramamov5s@squidoo.com,F,60,Indonesia,341-285-3513
210,Augie,Halloway,ahalloway5t@rakuten.co.jp,M,51,Bolivia,751-909-9037
211,Travis,Lamps,tlamps5u@alibaba.com,M,49,Indonesia,118-296-2580
212,Doreen,Spring,dspring5v@mysql.com,F,29,Sweden,393-826-3953
213,Liesa,Gabe,lgabe5w@friendfeed.com,F,69,Peru,287-101-3049
214,Fidelia,Criag,fcriag5x@cargocollective.com,F,30,China,881-627-7714
215,Channa,Stonebanks,cstonebanks5y@patch.com,F,54,Tajikistan,496-329-9318
216,Aleksandr,Decourt,adecourt5z@friendfeed.com,M,31,Serbia,184-242-4970
217,Willabella,Gouldthorpe,wgouldthorpe60@sun.com,F,32,Thailand,295-852-0061
218,Brandon,Asif,basif61@bluehost.com,M,75,Indonesia,127-784-5785
219,Bobina,Jepps,bjepps62@economist.com,F,39,Uzbekistan,313-601-6598
220,Basia,Mattocks,bmattocks63@intel.com,F,65,Philippines,352-571-7452
221,Dorena,Hakeworth,dhakeworth64@studiopress.com,F,54,Indonesia,380-200-7488
222,Ardis,Hambleton,ahambleton65@paypal.com,F,78,Pakistan,879-475-0495
223,Nannie,Lefeaver,nlefeaver66@cnet.com,F,87,Indonesia,400-151-1440
224,Alene,Rearden,arearden67@tumblr.com,F,36,China,975-380-8771
225,Chauncey,Richten,crichten68@ibm.com,M,18,China,827-787-4883
226,Aloisia,Tithecott,atithecott69@ask.com,F,64,Indonesia,276-510-5732
227,Gail,Cady,gcady6a@indiegogo.com,M,52,Thailand,859-941-2846
228,Frayda,Crissil,fcrissil6b@yellowpages.com,F,72,China,510-534-1981
229,Tynan,Bilston,tbilston6c@goodreads.com,M,87,Canada,731-737-3489
230,Conrad,Ham,cham6d@ucla.edu,M,19,Philippines,756-506-4811
231,Brittni,Kilgrove,bkilgrove6e@ovh.net,F,36,Indonesia,695-146-6094
232,Almeda,Mumby,amumby6f@usatoday.com,F,49,Uzbekistan,929-248-0088
233,Francene,Phillp,fphillp6g@github.com,F,56,Croatia,146-320-0921
234,Spenser,Glayzer,sglayzer6h@sohu.com,M,79,Sweden,779-495-0895
235,Ham,Timoney,htimoney6i@eventbrite.com,M,52,Thailand,141-309-2954
236,Briny,Bimson,bbimson6j@hugedomains.com,F,78,Israel,569-845-5139
237,Claus,Gaine,cgaine6k@zdnet.com,M,74,Nigeria,381-851-7133
238,Vincenz,Harbert,vharbert6l@forbes.com,M,89,Indonesia,727-843-1307
239,Erie,Shackleton,eshackleton6m@ft.com,M,36,Brazil,857-857-7594
240,Drud,Esposito,desposito6n@mozilla.org,M,32,China,573-335-1949
241,Lindsey,Leechman,lleechman6o@hatena.ne.jp,F,86,Syria,212-113-7044
242,Mort,Cafe,mcafe6p@imgur.com,M,22,Italy,837-368-3125
243,Dolph,Kildale,dkildale6q@theguardian.com,M,80,Malaysia,866-363-4001
244,Homer,Halfpenny,hhalfpenny6r@seesaa.net,M,28,Brazil,228-713-5011
245,Ezra,Monday,emonday6s@google.es,M,54,Poland,885-278-7441
246,Cindy,Serjeant,cserjeant6t@goodreads.com,F,45,Philippines,107-654-9459
247,Sophronia,Fordy,sfordy6u@wsj.com,F,32,United States,763-134-6676
248,Constantina,McCartan,cmccartan6v@oakley.com,F,69,Bosnia and Herzegovina,247-619-3996
249,Karim,Woollam,kwoollam6w@purevolume.com,M,44,China,276-249-0026
250,Jeana,Raccio,jraccio6x@cocolog-nifty.com,F,26,Belarus,862-416-0673
251,Fred,Ricart,fricart6y@ft.com,F,86,China,181-773-1412
252,Ketti,Guichard,kguichard6z@tripadvisor.com,F,84,Thailand,702-928-8232
253,Lezlie,O'Finan,lofinan70@businessinsider.com,F,23,Indonesia,554-854-6316
254,Meredith,Hawton,mhawton71@pcworld.com,M,30,Nigeria,668-653-2388
255,Ado,Hayball,ahayball72@nasa.gov,M,71,Czech Republic,164-345-8010
256,Bastien,Brands,bbrands73@usatoday.com,M,79,Greece,127-304-6967
257,Trudi,Digg,tdigg74@4shared.com,F,39,China,822-662-8137
258,Rudolph,LAbbet,rlabbet75@storify.com,M,39,Indonesia,165-220-6795
259,Arther,Adaway,aadaway76@angelfire.com,M,79,Thailand,304-182-9962
260,Carley,Alvarado,calvarado77@discovery.com,F,35,Indonesia,790-863-2236
261,Mada,Bewick,mbewick78@virginia.edu,F,44,Canada,955-864-0765
262,Tedda,Lapping,tlapping79@nih.gov,F,39,Russia,851-258-3116
263,Sheelah,Elwood,selwood7a@webs.com,F,46,China,791-513-5201
264,Binky,Fields,bfields7b@npr.org,M,49,Panama,137-174-6830
265,Cazzie,Beminster,cbeminster7c@amazon.co.uk,M,82,China,662-915-8566
266,Karita,MacGilrewy,kmacgilrewy7d@si.edu,F,69,United States,210-308-4304
267,Payton,Pepperrall,ppepperrall7e@nymag.com,M,76,Philippines,563-860-4149
268,Jarret,Merrigans,jmerrigans7f@indiatimes.com,M,33,Peru,690-758-1669
269,Olva,Cregan,ocregan7g@github.io,F,48,Poland,766-178-7605
270,Daveta,Hancell,dhancell7h@cbslocal.com,F,64,Indonesia,267-353-4882
271,Doria,Haxby,dhaxby7i@cnet.com,F,55,Pakistan,719-645-7641
272,Krishnah,Dandison,kdandison7j@discovery.com,M,47,Brazil,348-895-9305
273,Blithe,Wolford,bwolford7k@prweb.com,F,29,France,360-630-9529
274,Ivette,Marchington,imarchington7l@plala.or.jp,F,25,Nigeria,875-873-8431
275,Foster,Baurerich,fbaurerich7m@infoseek.co.jp,M,33,Indonesia,403-965-4519
276,Pen,Palek,ppalek7n@prweb.com,F,19,Indonesia,206-297-5448
277,Job,Romanelli,jromanelli7o@4shared.com,M,57,Georgia,359-381-9481
278,Rossy,Skegg,rskegg7p@shareasale.com,M,42,Poland,287-805-8513
279,Rodolphe,Antonelli,rantonelli7q@pagesperso-orange.fr,M,19,China,363-876-5192
280,Marian,Carthew,mcarthew7r@senate.gov,F,56,Russia,825-737-1905
281,Elfreda,Cawthorne,ecawthorne7s@mlb.com,F,78,Papua New Guinea,674-370-1503
282,Gustave,Billion,gbillion7t@state.gov,M,47,Poland,396-608-0130
283,Melva,Dunstan,mdunstan7u@ustream.tv,F,31,Philippines,238-379-6200
284,Charity,Dymidowski,cdymidowski7v@joomla.org,F,62,China,260-139-0580
285,Albertina,Lording,alording7w@archive.org,F,65,Indonesia,665-409-6003
286,Stafani,Duham,sduham7x@usda.gov,F,72,Kosovo,507-359-0410
287,Tadio,Fattori,tfattori7y@lycos.com,M,23,China,227-122-5594
288,Shoshana,Rubinow,srubinow7z@twitter.com,F,88,Argentina,409-908-2491
289,Rodolfo,Newbury,rnewbury80@artisteer.com,M,31,Ukraine,853-333-2139
290,Devan,Habbes,dhabbes81@mozilla.com,F,85,South Korea,555-938-3410
291,Rhodia,Meriot,rmeriot82@ebay.co.uk,F,69,China,118-301-3376
292,Linda,Caffin,lcaffin83@dion.ne.jp,F,59,France,506-505-2313
293,Vassily,Redsell,vredsell84@ask.com,M,36,Cyprus,957-111-1012
294,Kaylil,Sollitt,ksollitt85@taobao.com,F,48,Slovenia,708-966-8624
295,Roobbie,Laurenzi,rlaurenzi86@de.vu,F,64,Portugal,958-619-8492
296,Juline,Armand,jarmand87@state.gov,F,80,Greece,134-854-9266
297,Bunnie,Arch,barch88@wufoo.com,F,80,Russia,874-478-3476
298,Dita,Izchaki,dizchaki89@boston.com,F,19,Greece,956-953-6541
299,Marietta,Husthwaite,mhusthwaite8a@aol.com,M,52,China,282-335-7976
300,Denyse,Bromell,dbromell8b@sciencedaily.com,F,36,Indonesia,367-171-9775
301,Darcee,Deuss,ddeuss8c@shareasale.com,F,43,Iran,280-786-1851
302,Peg,Gebhard,pgebhard8d@apple.com,F,38,Benin,380-974-2358
303,Davin,Sirmond,dsirmond8e@ed.gov,M,41,Russia,277-748-0898
304,Maximilianus,Clifford,mclifford8f@typepad.com,M,39,China,203-697-2060
305,Tarah,Torrans,ttorrans8g@printfriendly.com,F,43,China,742-362-9137
306,Olympie,Kennady,okennady8h@creativecommons.org,F,65,Sweden,527-863-3552
307,Janeen,Avon,javon8i@g.co,F,38,New Zealand,423-956-8829
308,Karita,Scading,kscading8j@reference.com,F,35,China,291-544-2272
309,Jena,Vasyukhichev,jvasyukhichev8k@trellian.com,F,20,Brazil,645-438-6934
310,Nanci,Aldis,naldis8l@slideshare.net,F,78,Philippines,537-239-3296
311,Kenny,Prendiville,kprendiville8m@washington.edu,M,18,Panama,162-760-3965
312,Cesaro,Santello,csantello8n@independent.co.uk,M,33,China,178-202-0939
313,Philbert,Korneichik,pkorneichik8o@csmonitor.com,M,26,Indonesia,954-669-1979
314,Elvin,Powling,epowling8p@hubpages.com,M,48,China,710-187-2125
315,Celle,Full,cfull8q@illinois.edu,F,49,Russia,290-492-4844
316,Philbert,Launder,plaunder8r@domainmarket.com,M,46,Serbia,458-250-4545
317,Vincenz,Siderfin,vsiderfin8s@latimes.com,M,86,China,665-925-8569
318,Panchito,Blann,pblann8t@cornell.edu,M,45,Macedonia,854-104-9192
319,Herrick,Harlin,hharlin8u@newsvine.com,M,52,Russia,995-139-8760
320,Ashlie,Orme,aorme8v@wikispaces.com,F,69,Honduras,928-551-4298
321,Laird,Christie,lchristie8w@foxnews.com,M,58,China,458-154-2187
322,Bradney,Tattersill,btattersill8x@tmall.com,M,87,Indonesia,995-821-4176
323,Case,Coull,ccoull8y@si.edu,M,82,China,627-438-3629
324,Konstantine,Buncom,kbuncom8z@sina.com.cn,M,39,Portugal,582-301-7203
325,Antons,Leheude,aleheude90@yahoo.com,M,32,Ethiopia,168-738-3732
326,Iorgos,Ratter,iratter91@cam.ac.uk,M,20,Canada,569-434-2848
327,Normand,Desorts,ndesorts92@cafepress.com,M,70,Indonesia,318-912-6900
328,Earvin,Jollands,ejollands93@amazon.co.jp,M,57,Armenia,581-828-1730
329,Merv,Torns,mtorns94@yale.edu,M,46,Argentina,706-334-3960
330,Rudy,Sinclaire,rsinclaire95@webmd.com,M,67,Argentina,926-914-0821
331,Chalmers,Kesper,ckesper96@wired.com,M,85,Portugal,601-184-9886
332,Nils,Fidian,nfidian97@abc.net.au,M,83,Burundi,287-851-5505
333,Stephan,Sandlin,ssandlin98@webs.com,M,66,Uruguay,991-398-6035
334,Clayborne,Grabbam,cgrabbam99@buzzfeed.com,M,85,Honduras,743-749-2636
335,Reggie,Vasilyonok,rvasilyonok9a@lycos.com,M,44,Germany,985-758-3367
336,Davis,Vertey,dvertey9b@cdc.gov,M,30,Vietnam,670-794-9250
337,Calhoun,Hutsby,chutsby9c@sogou.com,M,66,Portugal,715-900-1117
338,Oona,Hamlington,ohamlington9d@dailymotion.com,F,23,Syria,968-385-8431
339,Aldin,Helkin,ahelkin9e@hibu.com,M,69,Nigeria,771-208-0118
340,Freeman,Wiggin,fwiggin9f@discovery.com,M,47,China,395-185-6135
341,Birgit,Drakard,bdrakard9g@themeforest.net,F,19,Portugal,950-462-7546
342,Gabey,Cullivan,gcullivan9h@xinhuanet.com,F,70,Colombia,581-634-8565
343,Benson,Bassam,bbassam9i@gravatar.com,M,38,Indonesia,661-434-4039
344,Rees,Cockill,rcockill9j@examiner.com,M,18,Netherlands,456-403-6816
345,Axe,Pickervance,apickervance9k@webeden.co.uk,M,45,Poland,391-777-0995
346,Gertrud,Dawtry,gdawtry9l@bloomberg.com,F,90,France,559-939-5060
347,Melody,Dallaway,mdallaway9m@wikia.com,F,85,Philippines,227-538-3045
348,Ingmar,Crank,icrank9n@scribd.com,M,63,Philippines,700-282-9994
349,Kayla,Philippson,kphilippson9o@businesswire.com,F,64,Cuba,764-906-6691
350,Morganica,Simonel,msimonel9p@tinypic.com,F,27,Brazil,400-224-2661
351,Quentin,Skellen,qskellen9q@java.com,F,25,Mexico,540-517-0116
352,Helen-elizabeth,Dumini,hdumini9r@zdnet.com,F,71,Indonesia,529-577-4621
353,Leif,Pieche,lpieche9s@cmu.edu,M,82,Indonesia,169-231-0282
354,Alex,Wilcott,awilcott9t@macromedia.com,M,60,Iran,634-618-2509
355,Shepard,Zeale,szeale9u@huffingtonpost.com,M,45,Russia,872-549-2262
356,Cate,Persence,cpersence9v@goo.gl,F,67,France,896-929-1119
357,Isaiah,Rusk,irusk9w@mediafire.com,M,50,Portugal,836-593-3923
358,Nance,Cosin,ncosin9x@php.net,F,70,Peru,671-447-9821
359,Amandi,Jubert,ajubert9y@microsoft.com,F,67,Brazil,678-233-2309
360,Lyndell,Britto,lbritto9z@cornell.edu,F,36,Brazil,323-643-7472
361,Hobard,Canby,hcanbya0@nbcnews.com,M,88,Nigeria,866-546-0878
362,Shandie,Mallalieu,smallalieua1@exblog.jp,F,40,Central African Republic,210-112-9810
363,Rustin,Danett,rdanetta2@home.pl,M,29,Nigeria,170-303-3665
364,Fleming,Symmers,fsymmersa3@netvibes.com,M,32,Sweden,314-463-0516
365,Geordie,MacKimm,gmackimma4@ebay.com,M,19,Poland,686-892-9724
366,Reese,Christofor,rchristofora5@webnode.com,M,36,Brazil,903-814-2856
367,Ina,Cooney,icooneya6@list-manage.com,F,79,Peru,988-325-1623
368,Ferrell,Boutwell,fboutwella7@mysql.com,M,28,Panama,872-865-4385
369,Arie,Tenman,atenmana8@oaic.gov.au,M,59,Argentina,916-744-9149
370,Donaugh,Pauly,dpaulya9@hhs.gov,M,18,Kiribati,159-926-3952
371,Pete,Jest,pjestaa@oaic.gov.au,M,35,China,198-392-1662
372,Emmaline,Cahey,ecaheyab@yandex.ru,F,20,China,980-440-4014
373,Milton,Ready,mreadyac@sciencedaily.com,M,58,China,793-449-4722
374,Norean,Durant,ndurantad@shinystat.com,F,22,Sweden,571-742-4552
375,Tobe,Poulgreen,tpoulgreenae@liveinternet.ru,F,81,France,299-517-1149
376,Alphard,Hexham,ahexhamaf@ezinearticles.com,M,68,Japan,140-768-5448
377,Jess,McDill,jmcdillag@symantec.com,F,60,China,451-992-5679
378,Decca,Ivakin,divakinah@epa.gov,M,20,China,414-405-0132
379,Carling,Heggison,cheggisonai@gnu.org,M,19,Indonesia,268-339-0981
380,Tobin,Sell,tsellaj@globo.com,M,51,Peru,942-812-0788
381,Torey,Remington,tremingtonak@flickr.com,M,70,Indonesia,419-171-5544
382,Fanni,Coddrington,fcoddringtonal@de.vu,F,71,China,290-765-6897
383,Fraser,Blundel,fblundelam@bigcartel.com,M,46,Norway,262-128-5703
384,Melantha,Verbeke,mverbekean@parallels.com,F,60,Argentina,563-457-5877
385,Denis,Le Page,dlepageao@va.gov,M,83,China,233-944-2331
386,Elly,Bagworth,ebagworthap@devhub.com,F,48,Finland,169-531-9035
387,Mirabel,Dallyn,mdallynaq@stumbleupon.com,F,51,Sudan,614-543-1079
388,Ely,Rizzardi,erizzardiar@51.la,M,78,Brazil,865-849-3836
389,Damita,Sleit,dsleitas@posterous.com,F,22,Guatemala,429-313-3160
390,Amber,Hartin,ahartinat@loc.gov,F,75,Argentina,311-147-3765
391,Nicky,Biasio,nbiasioau@t.co,F,43,Japan,576-356-2747
392,Jule,Longmaid,jlongmaidav@ibm.com,M,24,Greece,996-756-8931
393,Krishna,Wybrow,kwybrowaw@reverbnation.com,M,20,Poland,896-646-2498
394,Sal,Dytham,sdythamax@hibu.com,F,38,Albania,838-376-2073
395,Judd,Crallan,jcrallanay@wix.com,M,22,China,785-124-8433
396,Patrica,Macoun,pmacounaz@wufoo.com,F,90,Jamaica,664-915-5211
397,Adelina,Mattisson,amattissonb0@fema.gov,F,41,Portugal,282-952-1015
398,Laetitia,Rickersy,lrickersyb1@nba.com,F,23,Japan,497-654-7558
399,Lanna,Clough,lcloughb2@bravesites.com,F,32,China,860-306-8043
400,Kalinda,Bonhan,kbonhanb3@ifeng.com,F,71,France,885-189-4080
401,Anitra,Saphin,asaphinb4@freewebs.com,F,56,Indonesia,483-575-9499
402,Oby,Vyel,ovyelb5@wisc.edu,M,62,Poland,421-556-0287
403,Elysia,Cuckoo,ecuckoob6@statcounter.com,F,26,Russia,357-352-4830
404,Dodi,Imlach,dimlachb7@artisteer.com,F,86,Thailand,529-997-8689
405,Stoddard,Yglesias,syglesiasb8@prlog.org,F,75,China,319-270-3393
406,Ervin,Dyball,edyballb9@statcounter.com,M,20,Indonesia,210-829-7924
407,Hestia,Chapling,hchaplingba@phoca.cz,F,72,Portugal,898-373-4999
408,Carrie,Yukhnini,cyukhninibb@fema.gov,F,44,Armenia,429-528-2735
409,Kore,McNeilley,kmcneilleybc@telegraph.co.uk,F,59,Russia,481-292-5719
410,Monte,Bellanger,mbellangerbd@tiny.cc,M,20,China,188-940-5316
411,Vita,Le Hucquet,vlehucquetbe@google.co.jp,F,83,Poland,446-980-0241
412,Dav,Houldcroft,dhouldcroftbf@mlb.com,M,86,Belarus,312-848-2619
413,Dunn,Shama,dshamabg@nps.gov,M,47,Brazil,501-397-8673
414,Yardley,Giacomini,ygiacominibh@army.mil,M,76,Thailand,163-447-3347
415,Josephina,Sutehall,jsutehallbi@people.com.cn,F,83,Costa Rica,302-207-7480
416,Jonathan,Stalman,jstalmanbj@geocities.com,M,26,Sri Lanka,452-824-0934
417,Olva,Gwinn,ogwinnbk@pbs.org,F,24,Philippines,756-785-3069
418,Sallyanne,Sate,ssatebl@craigslist.org,F,31,China,211-580-2899
419,Brunhilda,Simecek,bsimecekbm@arizona.edu,F,58,Peru,191-157-3692
420,Pepita,Robrose,probrosebn@feedburner.com,F,35,China,872-677-4527
421,Ezmeralda,MacCurley,emaccurleybo@mediafire.com,F,90,Haiti,649-523-7565
422,Ardelia,Thirst,athirstbp@cbslocal.com,F,34,Vietnam,202-787-0544
423,Sebastiano,Glennon,sglennonbq@aboutads.info,M,86,China,296-776-1268
424,Mayer,Fruish,mfruishbr@domainmarket.com,M,86,Portugal,891-554-5141
425,Walliw,Dollar,wdollarbs@ox.ac.uk,F,21,Indonesia,793-892-1270
426,Phyllys,Jendrys,pjendrysbt@bloglines.com,F,79,Indonesia,580-639-8607
427,Thorvald,Jakolevitch,tjakolevitchbu@ow.ly,M,76,China,982-929-3283
428,Ado,Basnett,abasnettbv@google.es,M,72,Indonesia,591-204-0235
429,Grace,Barwell,gbarwellbw@usnews.com,M,35,China,285-201-3460
430,Herrick,Karle,hkarlebx@fc2.com,M,28,China,292-661-2789
431,Finlay,Rraundl,frraundlby@github.com,M,21,China,898-674-6717
432,Jerrie,Yanshin,jyanshinbz@tuttocitta.it,M,41,China,248-751-3444
433,Sophronia,Rheam,srheamc0@telegraph.co.uk,F,26,China,159-907-2812
434,Oliver,Attawell,oattawellc1@nydailynews.com,M,86,China,931-844-2732
435,Norina,Dallemore,ndallemorec2@latimes.com,F,26,China,344-484-3602
436,Maurie,Cucuzza,mcucuzzac3@addthis.com,M,49,Brazil,590-990-1549
437,Caroljean,Itzcovich,citzcovichc4@deliciousdays.com,F,20,Netherlands,944-437-3958
438,Nanete,Neal,nnealc5@spotify.com,F,38,Poland,207-940-3399
439,Hansiain,Diemer,hdiemerc6@e-recht24.de,M,38,Sweden,806-746-1801
440,Ches,Eyes,ceyesc7@nps.gov,M,62,Thailand,582-626-7663
441,Zandra,Andrys,zandrysc8@oakley.com,F,63,China,287-892-4581
442,Gary,Shimman,gshimmanc9@blogspot.com,M,50,Philippines,785-227-1762
443,Lou,Husband,lhusbandca@over-blog.com,F,34,China,775-634-2425
444,Thelma,Kilduff,tkilduffcb@google.de,F,42,Bolivia,766-791-2348
445,Christan,Shirlaw,cshirlawcc@myspace.com,F,57,Indonesia,653-990-9674
446,Mitch,Lardier,mlardiercd@japanpost.jp,M,32,Kazakhstan,226-232-2640
447,Ingram,Bowyer,ibowyerce@paypal.com,M,63,France,247-960-7796
448,Roth,Glasebrook,rglasebrookcf@mac.com,M,77,China,823-187-0878
449,Wendye,Keohane,wkeohanecg@purevolume.com,F,59,China,120-727-8119
450,Katherina,Hain,khainch@comsenz.com,F,79,Morocco,216-874-7014
451,Loni,Broggetti,lbroggettici@cornell.edu,F,75,Indonesia,501-703-8380
452,Catherina,Binstead,cbinsteadcj@joomla.org,F,44,Indonesia,237-255-2253
453,Hadria,Russ,hrussck@ocn.ne.jp,F,77,Indonesia,926-517-6611
454,Parsifal,Morrowe,pmorrowecl@studiopress.com,M,56,Brazil,611-162-5502
455,Horst,Fitzsymon,hfitzsymoncm@census.gov,M,79,Poland,286-735-1528
456,Fraser,Ost,fostcn@cnn.com,M,46,Vietnam,244-112-9392
457,Peyter,Doy,pdoyco@nifty.com,M,58,France,801-174-0833
458,Kirstin,McCraw,kmccrawcp@cloudflare.com,F,79,Ivory Coast,804-884-3714
459,Ed,Crocumbe,ecrocumbecq@google.fr,M,57,Madagascar,795-254-8200
460,Jacinda,Bailles,jbaillescr@printfriendly.com,F,86,Ireland,623-596-6316
461,Gustav,Cutchey,gcutcheycs@europa.eu,M,75,Indonesia,584-172-5770
462,Pauli,Blenkinsop,pblenkinsopct@wordpress.org,F,22,China,115-964-9524
463,Kimberley,Swindall,kswindallcu@biglobe.ne.jp,F,43,Russia,714-830-7480
464,Axel,Gouldthorp,agouldthorpcv@omniture.com,M,50,China,191-432-4864
465,Adler,Petschelt,apetscheltcw@nsw.gov.au,M,86,Egypt,907-869-8982
466,Pepe,Scarlett,pscarlettcx@a8.net,M,45,Tanzania,987-967-4114
467,Elias,Slyford,eslyfordcy@elpais.com,M,35,Albania,848-867-7825
468,Clarey,Squibb,csquibbcz@ow.ly,F,63,Italy,764-392-0799
469,Lindsey,Toby,ltobyd0@opera.com,M,62,China,848-654-0154
470,Miriam,Sergeaunt,msergeauntd1@pagesperso-orange.fr,F,26,China,241-753-1317
471,Norma,Glassard,nglassardd2@freewebs.com,F,53,China,751-371-2576
472,Hart,Sollime,hsollimed3@soup.io,M,66,Armenia,448-202-6515
473,Neile,Poytheras,npoytherasd4@uiuc.edu,F,33,Ecuador,139-110-0610
474,Vin,Van der Beek,vvanderbeekd5@tiny.cc,F,50,Indonesia,225-912-9724
475,Sorcha,Blackey,sblackeyd6@godaddy.com,F,27,Philippines,688-608-0167
476,Bonni,Brammar,bbrammard7@economist.com,F,83,Russia,192-945-0803
477,Weston,Checci,wcheccid8@businessweek.com,M,33,Luxembourg,942-457-9585
478,Lindon,Kunes,lkunesd9@answers.com,M,56,Saudi Arabia,794-196-3436
479,Sileas,Bronger,sbrongerda@xing.com,F,20,Japan,717-105-2108
480,Corie,Fitzharris,cfitzharrisdb@usatoday.com,F,64,China,573-279-4908
481,Selie,Kissock,skissockdc@gov.uk,F,51,South Korea,259-488-1537
482,Shandee,Burchett,sburchettdd@bbb.org,F,89,Indonesia,218-283-9197
483,Bartolomeo,Meneghi,bmeneghide@bloglines.com,M,53,Indonesia,211-912-1346
484,Shanie,Espinheira,sespinheiradf@twitpic.com,F,28,Colombia,442-263-3329
485,Alberik,Hardwicke,ahardwickedg@networkadvertising.org,M,85,Senegal,544-238-5397
486,Marleah,Hembling,mhemblingdh@artisteer.com,F,22,Russia,587-866-2082
487,Sheilah,Cullimore,scullimoredi@redcross.org,F,56,Philippines,575-938-2922
488,Mary,Saffrin,msaffrindj@cam.ac.uk,F,19,Iran,588-609-1462
489,Trish,Stiffkins,tstiffkinsdk@walmart.com,F,26,New Caledonia,265-377-3663
490,Charla,Tollow,ctollowdl@utexas.edu,F,51,Brazil,651-634-1934
491,Gianna,Lawden,glawdendm@nyu.edu,F,52,Indonesia,311-612-9069
492,Oralle,Maffioni,omaffionidn@liveinternet.ru,F,68,Russia,826-933-2576
493,Loni,De Pietri,ldepietrido@joomla.org,F,64,China,256-380-4887
494,Weidar,Heatley,wheatleydp@sitemeter.com,M,66,Portugal,228-853-8122
495,Conchita,Sworne,cswornedq@chron.com,F,72,Argentina,232-286-6964
496,Colin,Tiptaft,ctiptaftdr@trellian.com,M,67,Vietnam,213-529-8609
497,Lucretia,Folbigg,lfolbiggds@umn.edu,F,59,Russia,384-265-5107
498,Alissa,Flintoff,aflintoffdt@businessweek.com,F,46,Portugal,446-218-6515
499,Martica,Burle,mburledu@fema.gov,F,19,Indonesia,400-598-8124
500,Coriss,Faldo,cfaldodv@yale.edu,F,23,Kazakhstan,663-405-5205
501,Gael,Aspital,gaspitaldw@ibm.com,M,31,Philippines,749-919-1705
502,Sandie,Minnock,sminnockdx@imageshack.us,F,50,Japan,860-379-2836
503,Hana,Nodes,hnodesdy@ezinearticles.com,F,53,China,538-970-7198
504,Reggy,Renton,rrentondz@vk.com,M,53,China,621-443-4919
505,Kingsly,Masterson,kmastersone0@netlog.com,M,80,Philippines,919-926-7912
506,Stephie,Brandin,sbrandine1@free.fr,F,34,Dominican Republic,994-817-2583
507,Hailee,Landsberg,hlandsberge2@comsenz.com,F,26,Indonesia,819-714-2231
508,Brigg,St Pierre,bstpierree3@wiley.com,M,69,Croatia,975-500-8452
509,Aretha,Simm,asimme4@geocities.com,F,82,China,355-779-7645
510,Marijo,Sherrock,msherrocke5@ameblo.jp,F,63,Peru,728-974-2963
511,Sallee,Ruffli,srufflie6@chron.com,F,51,El Salvador,183-717-6987
512,Gerrard,Bambra,gbambrae7@e-recht24.de,M,48,Cameroon,144-412-3305
513,Reina,Dowears,rdowearse8@hubpages.com,F,28,Canada,991-599-4604
514,Matty,Columbine,mcolumbinee9@privacy.gov.au,M,90,Slovenia,907-871-5478
515,Gabriell,Landor,glandorea@shinystat.com,F,32,Dominica,200-584-2357
516,Chandler,Richold,cricholdeb@phpbb.com,M,27,Burkina Faso,952-923-6902
517,Obidiah,Bradforth,obradforthec@forbes.com,M,76,Kazakhstan,797-196-3724
518,Bettina,Gumery,bgumeryed@columbia.edu,F,88,China,403-310-2616
519,Dennie,Sydney,dsydneyee@techcrunch.com,F,61,Portugal,342-974-9528
520,Kyle,Borrie,kborrieef@chronoengine.com,M,79,Yemen,500-732-9378
521,Claudian,Wimpey,cwimpeyeg@cyberchimps.com,M,87,Indonesia,296-448-3995
522,Renie,Hawford,rhawfordeh@themeforest.net,F,72,Russia,112-769-8639
523,Salmon,Giffkins,sgiffkinsei@hatena.ne.jp,M,84,Canada,480-826-9154
524,Siffre,Lenthall,slenthallej@livejournal.com,M,41,Venezuela,839-140-6939
525,Theodoric,Romer,tromerek@alexa.com,M,54,Panama,256-427-4850
526,Ulrick,Colbertson,ucolbertsonel@imgur.com,M,78,Peru,258-397-4286
527,Brinn,Brunone,bbrunoneem@cmu.edu,F,29,China,479-900-5976
528,Dwight,Elmore,delmoreen@paypal.com,M,50,Brazil,562-959-3287
529,Egon,Robelin,erobelineo@arstechnica.com,M,55,Czech Republic,458-994-9333
530,Brand,Balsom,bbalsomep@businessweek.com,M,28,Bolivia,298-142-9206
531,Kerri,Winston,kwinstoneq@shareasale.com,F,80,China,837-125-1695
532,Robinson,Guerreru,rguerreruer@va.gov,M,80,China,767-144-2697
533,Burton,Grayshan,bgrayshanes@joomla.org,M,78,New Caledonia,977-348-6727
534,Donaugh,Cosgry,dcosgryet@eventbrite.com,M,71,Chile,474-836-3141
535,Thacher,Librey,tlibreyeu@facebook.com,M,80,Bosnia and Herzegovina,605-440-2580
536,Meryl,Fearnall,mfearnallev@uol.com.br,M,20,Palestinian Territory,810-834-5185
537,Nonie,Tuttiett,ntuttiettew@elpais.com,F,79,Colombia,994-551-9628
538,Saw,Eede,seedeex@sciencedirect.com,M,38,Poland,234-507-3297
539,Lamar,Hatchette,lhatchetteey@sourceforge.net,M,62,Croatia,546-371-7510
540,Dan,Alexandre,dalexandreez@fema.gov,M,24,Russia,676-188-4377
541,Susi,Blackstone,sblackstonef0@unesco.org,F,65,United States,402-743-4819
542,Nicoline,Giddons,ngiddonsf1@paypal.com,F,67,Sweden,862-213-8075
543,Lisetta,Pusey,lpuseyf2@cloudflare.com,F,87,United States,661-189-3467
544,Katerina,Britten,kbrittenf3@imdb.com,F,87,Philippines,364-675-8749
545,Gayleen,Steaning,gsteaningf4@a8.net,F,57,Zambia,260-283-4412
546,Sherri,Turk,sturkf5@seesaa.net,F,89,Czech Republic,909-475-5007
547,Imogen,Scheffel,ischeffelf6@biglobe.ne.jp,F,40,China,960-394-5240
548,Xena,Picken,xpickenf7@prweb.com,F,31,South Korea,810-635-1912
549,Torrance,Sodo,tsodof8@mac.com,M,35,China,941-242-6353
550,Tibold,Aingel,taingelf9@goo.ne.jp,M,60,China,280-183-8180
551,Shurlocke,Meriel,smerielfa@arizona.edu,M,22,Philippines,716-481-0949
552,Nessi,Margrett,nmargrettfb@rediff.com,F,36,Czech Republic,550-424-0895
553,Al,Eickhoff,aeickhofffc@infoseek.co.jp,M,58,Peru,775-457-6112
554,Dalton,Scutching,dscutchingfd@feedburner.com,M,61,Philippines,103-897-1257
555,Prudy,Kunneke,pkunnekefe@themeforest.net,F,42,Philippines,824-719-5402
556,Gill,Wartnaby,gwartnabyff@cam.ac.uk,F,48,Russia,511-718-8652
557,Nicole,Revans,nrevansfg@senate.gov,F,86,Sweden,735-472-5940
558,Moses,Lenaghen,mlenaghenfh@pagesperso-orange.fr,M,89,Russia,942-470-2585
559,Nissa,Pellant,npellantfi@bloglines.com,F,69,China,114-732-7559
560,Ursula,Prettyjohns,uprettyjohnsfj@usnews.com,F,72,Russia,909-588-2614
561,Charmaine,Ollive,collivefk@statcounter.com,F,72,Indonesia,598-524-3618
562,Barbi,Pyott,bpyottfl@instagram.com,F,88,Sweden,847-147-5057
563,Mic,Smidmoor,msmidmoorfm@fc2.com,M,46,Argentina,463-129-4911
564,Karie,Booth,kboothfn@bravesites.com,F,52,China,610-574-0181
565,Merola,Finlayson,mfinlaysonfo@nydailynews.com,F,41,China,877-658-5155
566,Anette,Linnett,alinnettfp@vinaora.com,F,70,Brazil,181-267-3256
567,Lucia,Yakuntzov,lyakuntzovfq@accuweather.com,F,28,Brazil,378-949-5206
568,Dominic,Galle,dgallefr@nifty.com,M,61,Indonesia,743-394-6020
569,Alleen,Windas,awindasfs@amazon.com,F,32,Tunisia,961-147-7406
570,Rudie,Rushman,rrushmanft@businessweek.com,M,51,Czech Republic,579-313-2436
571,Bella,Sartin,bsartinfu@ebay.co.uk,F,44,Philippines,966-678-1327
572,Husain,Brockley,hbrockleyfv@simplemachines.org,M,47,Sweden,396-360-1200
573,Min,Carp,mcarpfw@hud.gov,F,68,China,744-739-3690
574,Justin,Edgars,jedgarsfx@thetimes.co.uk,M,22,Albania,873-971-0187
575,Ware,Spottswood,wspottswoodfy@wordpress.com,M,32,Netherlands,175-151-8303
576,Chucho,Duckham,cduckhamfz@issuu.com,M,84,Argentina,123-482-1469
577,Peggie,Gabler,pgablerg0@cmu.edu,F,64,China,884-541-9245
578,Shea,Romayne,sromayneg1@home.pl,F,20,Madagascar,670-247-0589
579,Morley,Tadman,mtadmang2@microsoft.com,M,46,Portugal,617-169-7090
580,Hal,Muirhead,hmuirheadg3@google.ru,M,23,Mexico,169-118-6403
581,Jarrett,Dunkley,jdunkleyg4@yale.edu,M,36,Russia,975-284-4424
582,Gris,Topes,gtopesg5@army.mil,M,37,Indonesia,558-351-3914
583,Noel,Avieson,naviesong6@cnbc.com,M,74,Latvia,310-171-5345
584,Aurelia,Wilstead,awilsteadg7@scribd.com,F,18,United States,360-395-8459
585,Miguela,Blaschke,mblaschkeg8@sphinn.com,F,42,Greece,847-186-2046
586,Devy,Ishaki,dishakig9@technorati.com,M,37,Portugal,929-729-6391
587,Krystal,Serle,kserlega@wiley.com,F,56,Poland,225-653-3117
588,Raquel,Vasyushkhin,rvasyushkhingb@businessinsider.com,F,46,China,910-312-6237
589,Lombard,Cully,lcullygc@lycos.com,M,37,Indonesia,953-372-8605
590,Hesther,Cosby,hcosbygd@boston.com,F,72,Uruguay,561-319-7415
591,Jacobo,Hawthorn,jhawthornge@virginia.edu,M,35,Canada,379-476-3077
592,Sutherland,Currum,scurrumgf@wiley.com,M,82,Indonesia,564-574-7187
593,Riobard,Iuorio,riuoriogg@wordpress.org,M,90,Sweden,187-216-5670
594,Cesar,Naismith,cnaismithgh@over-blog.com,M,77,China,987-496-6406
595,Niels,Sams,nsamsgi@vistaprint.com,M,44,China,920-993-8895
596,Allianora,McBrearty,amcbreartygj@feedburner.com,F,88,Russia,277-109-2723
597,Myranda,Howell,mhowellgk@nationalgeographic.com,F,73,France,154-784-5338
598,Friederike,Isabell,fisabellgl@youtube.com,F,57,Panama,761-565-1455
599,Christian,Deering,cdeeringgm@businessinsider.com,M,78,China,399-587-7713
600,Yorgos,Colvine,ycolvinegn@bluehost.com,M,47,Jordan,754-295-0182
601,Wernher,Andren,wandrengo@seesaa.net,M,80,Syria,642-543-7931
602,Theo,Blagden,tblagdengp@vinaora.com,F,46,Kazakhstan,916-959-7101
603,Leonid,Spolton,lspoltongq@storify.com,M,22,Philippines,434-548-6129
604,Sim,Gill,sgillgr@blogtalkradio.com,M,24,Indonesia,872-646-4176
605,Bronson,Isakovitch,bisakovitchgs@walmart.com,M,39,Peru,321-966-5162
606,Aldrich,Tebb,atebbgt@fema.gov,M,32,Brazil,317-621-1196
607,Timoteo,Ash,tashgu@cnbc.com,M,61,Indonesia,632-551-6204
608,Shandeigh,Tomalin,stomalingv@e-recht24.de,F,26,China,474-531-9527
609,Johanna,Rouge,jrougegw@yolasite.com,F,89,Portugal,429-367-9466
610,Kelcey,Knagges,kknaggesgx@sciencedaily.com,F,50,Albania,852-990-9598
611,Tammi,Ponton,tpontongy@ovh.net,F,44,Israel,454-332-5906
612,Zacharia,Bourgaize,zbourgaizegz@edublogs.org,M,66,China,362-298-4833
613,Cassius,Pedracci,cpedraccih0@tmall.com,M,28,Myanmar,483-403-5860
614,Cheri,Simek,csimekh1@geocities.com,F,83,Indonesia,348-714-8636
615,Randy,Elie,relieh2@craigslist.org,F,44,United States,513-948-5844
616,Paolo,Hagston,phagstonh3@berkeley.edu,M,21,China,866-821-4747
617,Olivia,Carthy,ocarthyh4@dagondesign.com,F,33,Ireland,907-920-1817
618,Sherline,Anespie,sanespieh5@lycos.com,F,58,France,886-198-4245
619,Nadia,Dumbell,ndumbellh6@bizjournals.com,F,66,France,361-520-9178
620,Grant,Smissen,gsmissenh7@hexun.com,M,67,Brazil,643-921-9382
621,Francisco,Stellin,fstellinh8@answers.com,M,29,Cameroon,802-578-0372
622,Deloris,Afield,dafieldh9@nps.gov,F,43,Japan,735-493-8071
623,Trstram,Manzell,tmanzellha@weibo.com,M,57,Guatemala,430-934-3112
624,Cilka,Bruckman,cbruckmanhb@cocolog-nifty.com,F,69,China,459-790-5919
625,Vikky,Drewett,vdrewetthc@guardian.co.uk,F,29,Indonesia,341-858-3364
626,Hedda,Tigner,htignerhd@about.com,F,77,Russia,908-645-8126
627,Tatum,FitzAlan,tfitzalanhe@bandcamp.com,F,28,Thailand,366-243-1013
628,Octavius,Bayfield,obayfieldhf@loc.gov,M,79,Ukraine,667-422-0955
629,Erica,Fabbri,efabbrihg@msn.com,F,58,Mexico,442-608-3909
630,Ninnette,MacKowle,nmackowlehh@about.com,F,49,Portugal,900-122-7184
631,Della,Nevinson,dnevinsonhi@ameblo.jp,F,60,Canada,345-175-6070
632,Ingra,Lucia,iluciahj@marketwatch.com,M,83,France,557-366-7193
633,Letty,Partlett,lpartletthk@behance.net,F,73,Indonesia,869-594-6010
634,Freda,Waddy,fwaddyhl@ca.gov,F,52,China,726-862-3068
635,Gipsy,Hedingham,ghedinghamhm@gizmodo.com,F,71,Indonesia,653-357-5299
636,Graehme,Rattery,gratteryhn@wunderground.com,M,70,France,308-712-6235
637,Giorgio,Sugar,gsugarho@phpbb.com,M,74,China,451-158-7778
638,Kizzee,Calver,kcalverhp@state.tx.us,F,70,New Zealand,836-784-4384
639,Dory,Norris,dnorrishq@moonfruit.com,F,62,Poland,352-394-1988
640,Tera,Lavalde,tlavaldehr@wikipedia.org,F,73,Indonesia,548-704-3312
641,Rube,Greenless,rgreenlesshs@yahoo.com,M,55,Philippines,449-134-5730
642,Jannel,Catteroll,jcatterollht@t.co,F,34,Lebanon,631-627-6765
643,Marianne,Shemilt,mshemilthu@dailymotion.com,F,32,Serbia,826-421-8964
644,Rosemarie,Nordass,rnordasshv@mac.com,F,41,China,283-545-8626
645,Kelcy,Bessom,kbessomhw@nytimes.com,F,77,Argentina,677-296-3879
646,Kylie,Meco,kmecohx@1688.com,M,35,China,782-708-0505
647,Adrien,McGeoch,amcgeochhy@patch.com,M,40,Indonesia,836-374-5282
648,Janeta,Pantecost,jpantecosthz@ocn.ne.jp,F,67,China,946-237-3699
649,Thane,Jacobi,tjacobii0@washingtonpost.com,M,44,Philippines,619-883-8691
650,Rriocard,Berardt,rberardti1@nature.com,M,54,Portugal,743-800-8039
651,Leese,Perigo,lperigoi2@apple.com,F,53,Indonesia,556-866-7019
652,Ellary,Akker,eakkeri3@studiopress.com,M,59,Poland,831-431-5702
653,Dennie,Crimin,dcrimini4@admin.ch,M,85,Japan,586-308-3878
654,Axe,Hardiker,ahardikeri5@comsenz.com,M,53,China,413-570-1391
655,Tan,Gosland,tgoslandi6@blinklist.com,M,66,China,110-159-7957
656,Brandie,Toolin,btoolini7@nature.com,F,71,Kiribati,613-977-5293
657,Jenny,Pedrozzi,jpedrozzii8@uiuc.edu,F,52,Russia,762-449-4732
658,Van,Gopsill,vgopsilli9@spotify.com,M,47,Ireland,661-635-2604
659,Lowell,Raycroft,lraycroftia@cargocollective.com,M,59,Ethiopia,923-409-0303
660,Minne,Longmaid,mlongmaidib@tripod.com,F,69,Sweden,956-122-5632
661,Chrissie,Graddell,cgraddellic@lycos.com,M,34,Ireland,102-965-6649
662,Winn,Jindrich,wjindrichid@netscape.com,M,49,Iran,966-982-4960
663,Britt,Clacson,bclacsonie@soundcloud.com,M,28,Indonesia,961-863-5639
664,Dusty,Kaplin,dkaplinif@telegraph.co.uk,F,45,Indonesia,889-229-5611
665,Liam,Simants,lsimantsig@example.com,M,28,Portugal,297-946-6938
666,Joanne,Silverton,jsilvertonih@slashdot.org,F,36,United States,501-480-1359
667,Skelly,Waylen,swaylenii@alibaba.com,M,32,Malaysia,104-320-5774
668,Joyan,Salzberger,jsalzbergerij@prlog.org,F,43,Poland,373-504-8852
669,Corrie,Leeuwerink,cleeuwerinkik@nature.com,F,63,Brazil,912-839-7371
670,Rae,Clearie,rclearieil@weibo.com,F,66,Philippines,446-138-2741
671,Kalie,Dranfield,kdranfieldim@walmart.com,F,39,Indonesia,581-169-3587
672,Arlie,Parkinson,aparkinsonin@flickr.com,F,40,China,377-511-4881
673,Kiele,Hattersley,khattersleyio@networkadvertising.org,F,87,China,387-349-4911
674,Goddard,Rosendale,grosendaleip@about.com,M,39,China,592-300-9781
675,Pearline,Yare,pyareiq@wunderground.com,F,22,Indonesia,595-275-0244
676,Catlaina,Graith,cgraithir@sun.com,F,50,Honduras,452-715-5697
677,Danielle,Herreros,dherrerosis@businessinsider.com,F,64,Brazil,123-908-6621
678,Norrie,Agate,nagateit@psu.edu,F,55,Poland,256-796-6778
679,Lutero,Semple,lsempleiu@flickr.com,M,64,Colombia,634-121-5185
680,Opaline,Pirrie,opirrieiv@uiuc.edu,F,41,China,577-214-7192
681,Rosemaria,Peascod,rpeascodiw@tuttocitta.it,F,74,Honduras,321-364-3151
682,Yvette,Whittington,ywhittingtonix@usatoday.com,F,37,Portugal,820-312-8432
683,Fields,Furley,ffurleyiy@europa.eu,M,27,China,678-322-7305
684,Leonore,Crick,lcrickiz@webs.com,F,22,Finland,776-412-9234
685,Leonie,Hambright,lhambrightj0@blogger.com,F,25,Aland Islands,933-847-1244
686,Andris,Dunford,adunfordj1@flickr.com,M,46,China,902-942-6744
687,Bianka,Yushankin,byushankinj2@stumbleupon.com,F,49,Brazil,392-294-9630
688,Toinette,Harfleet,tharfleetj3@engadget.com,F,20,Norway,336-984-4816
689,Boot,Thomas,bthomasj4@mysql.com,M,49,Chad,740-805-6937
690,Olivier,Graffham,ograffhamj5@go.com,M,32,Vietnam,949-550-0512
691,Leesa,Roullier,lroullierj6@yelp.com,F,20,Brazil,527-950-5170
692,Clarie,Saggs,csaggsj7@nydailynews.com,F,20,Indonesia,592-150-5212
693,Victoir,Granville,vgranvillej8@t.co,M,63,Indonesia,526-234-8488
694,Vale,McSwan,vmcswanj9@netscape.com,F,62,United States,612-286-1262
695,Portie,Kanwell,pkanwellja@goo.ne.jp,M,23,China,149-318-8993
696,Ellsworth,Doog,edoogjb@scientificamerican.com,M,76,Philippines,227-248-9843
697,Katrina,Fesby,kfesbyjc@uiuc.edu,F,78,Panama,720-287-0763
698,Katharyn,Blackeby,kblackebyjd@biglobe.ne.jp,F,77,Zambia,558-332-4333
699,Bianka,St Leger,bstlegerje@mit.edu,F,55,Indonesia,749-951-7923
700,Edith,Connochie,econnochiejf@gnu.org,F,28,Egypt,266-135-6292
701,Redd,Pawlyn,rpawlynjg@unc.edu,M,44,United States,817-162-0557
702,Clarine,Anthonies,canthoniesjh@flickr.com,F,65,Thailand,263-549-0873
703,Kata,Rojahn,krojahnji@unicef.org,F,48,Ukraine,327-839-8895
704,Auria,Riguard,ariguardjj@cpanel.net,F,88,Myanmar,380-513-7237
705,Bria,Clow,bclowjk@cargocollective.com,F,89,Russia,284-822-7892
706,Hanni,Gillison,hgillisonjl@state.tx.us,F,50,Finland,451-991-3870
707,Nicky,Edgeson,nedgesonjm@homestead.com,F,80,China,504-134-4599
708,Casper,Dennert,cdennertjn@npr.org,M,33,Luxembourg,688-519-7516
709,Kevina,Gisbourn,kgisbournjo@unesco.org,F,51,China,611-319-3529
710,Derby,Zorzetti,dzorzettijp@sohu.com,M,73,Thailand,747-827-8356
711,Ami,Coney,aconeyjq@state.gov,F,76,Argentina,284-946-0005
712,Ibbie,Cluelow,icluelowjr@msu.edu,F,26,Philippines,110-362-8353
713,Ophelia,Gomm,ogommjs@answers.com,F,32,Vietnam,854-691-0266
714,Margo,Garnam,mgarnamjt@fc2.com,F,36,Netherlands,938-550-6152
715,Mellisa,Overshott,movershottju@yahoo.co.jp,F,85,Dominican Republic,167-860-2446
716,Orton,Finey,ofineyjv@storify.com,M,73,Japan,493-390-8264
717,Gibbie,Silley,gsilleyjw@eventbrite.com,M,35,Sweden,851-900-4130
718,Hector,Sleeford,hsleefordjx@blogger.com,M,33,Indonesia,395-539-3660
719,Lindi,Farrer,lfarrerjy@rediff.com,F,22,Croatia,278-254-3300
720,Wain,Lackemann,wlackemannjz@eventbrite.com,M,20,Czech Republic,770-308-3254
721,Caritta,Jaze,cjazek0@msn.com,F,57,France,802-409-5504
722,Zerk,Harmar,zharmark1@friendfeed.com,M,69,Portugal,498-238-2176
723,Reeba,Veldstra,rveldstrak2@mozilla.org,F,35,Tanzania,212-534-6319
724,Nada,Scrowson,nscrowsonk3@admin.ch,F,33,Indonesia,408-989-2445
725,Virgie,Moxstead,vmoxsteadk4@sun.com,F,28,Sweden,109-357-9069
726,Dodi,Buffham,dbuffhamk5@yellowbook.com,F,58,Brazil,717-687-2587
727,Aluin,Bellringer,abellringerk6@ed.gov,M,57,Indonesia,604-563-0312
728,Falkner,Belding,fbeldingk7@godaddy.com,M,61,Nigeria,795-480-0682
729,Ivett,Haddeston,ihaddestonk8@psu.edu,F,89,China,698-138-4898
730,Shane,Mabon,smabonk9@goo.gl,M,21,Canada,851-455-0706
731,Balduin,Savil,bsavilka@uol.com.br,M,90,Mexico,904-858-5394
732,Adrianna,Gallager,agallagerkb@google.it,F,78,Greece,461-840-4508
733,Karlen,Christauffour,kchristauffourkc@nifty.com,F,78,Czech Republic,829-773-2034
734,Vonnie,Cissen,vcissenkd@wordpress.com,F,74,China,611-375-7557
735,Angelle,Wenn,awennke@usatoday.com,F,74,Mongolia,996-966-7062
736,Udale,Norcliffe,unorcliffekf@princeton.edu,M,46,Argentina,324-404-9888
737,Francis,Oventon,foventonkg@virginia.edu,M,42,China,211-722-5782
738,Cordie,Cellone,ccellonekh@quantcast.com,M,51,China,266-855-7905
739,Herta,Nealey,hnealeyki@webmd.com,F,22,Haiti,769-349-3807
740,Chrystel,Potell,cpotellkj@dion.ne.jp,F,18,Chad,543-723-2389
741,Herby,Tomley,htomleykk@pen.io,M,77,Ukraine,635-677-5220
742,Worden,Sloper,wsloperkl@theglobeandmail.com,M,72,China,728-912-7181
743,Guglielma,Targett,gtargettkm@sciencedirect.com,F,47,Russia,484-898-2878
744,Aili,Heers,aheerskn@go.com,F,42,Poland,138-665-7146
745,Reinaldo,Desmond,rdesmondko@state.tx.us,M,88,Poland,416-884-5879
746,Kevyn,Cregan,kcregankp@sbwire.com,F,55,South Korea,780-767-3222
747,Hank,Gauchier,hgauchierkq@nydailynews.com,M,74,Poland,282-458-9924
748,Tommie,Breston,tbrestonkr@sakura.ne.jp,M,39,Peru,635-495-2963
749,Welbie,Chaves,wchavesks@unc.edu,M,67,China,549-253-4328
750,Abby,Noonan,anoonankt@w3.org,M,87,China,783-303-9271
751,Myrle,Zamorano,mzamoranoku@dion.ne.jp,F,68,China,105-483-8346
752,Eustace,Durrad,edurradkv@china.com.cn,M,36,Poland,735-803-8534
753,Reggy,Labrow,rlabrowkw@apple.com,M,55,Brazil,301-232-6354
754,Serena,Sapena,ssapenakx@mit.edu,F,60,Japan,406-212-3714
755,Hildegarde,Thomann,hthomannky@skyrock.com,F,68,Mexico,920-500-9451
756,Avrom,Basso,abassokz@redcross.org,M,80,China,724-960-3188
757,Kendre,Risby,krisbyl0@netscape.com,F,73,Jamaica,785-447-3016
758,Akim,Bediss,abedissl1@epa.gov,M,37,China,114-490-0201
759,Gerry,Brockway,gbrockwayl2@noaa.gov,M,65,China,953-854-4456
760,Anabel,Westhofer,awesthoferl3@fc2.com,F,34,Argentina,951-198-6546
761,Daron,Naulty,dnaultyl4@ucla.edu,M,87,China,859-582-5337
762,Allister,Treves,atrevesl5@edublogs.org,M,20,China,619-927-9186
763,Boris,Antonucci,bantonuccil6@drupal.org,M,31,Ukraine,799-726-5098
764,Maryanna,Flexman,mflexmanl7@meetup.com,F,64,Portugal,939-676-2942
765,Morten,Tregonna,mtregonnal8@homestead.com,M,85,Bosnia and Herzegovina,238-778-2710
766,Gardy,Dansie,gdansiel9@tmall.com,M,22,French Polynesia,141-661-6781
767,Sully,Gonzales,sgonzalesla@foxnews.com,M,59,Indonesia,656-860-2457
768,Eleonore,Swettenham,eswettenhamlb@gravatar.com,F,78,Portugal,402-663-2351
769,Tootsie,Machel,tmachellc@mlb.com,F,65,Cuba,239-748-3453
770,Otis,Iorns,oiornsld@wikispaces.com,M,25,Czech Republic,972-984-3376
771,Jocelin,Foran,jforanle@shop-pro.jp,F,68,Peru,537-925-8188
772,Avery,Shercliff,asherclifflf@ask.com,M,78,Portugal,445-854-2788
773,Raymond,Auten,rautenlg@youtube.com,M,35,Thailand,251-268-3536
774,Fin,Wind,fwindlh@flickr.com,M,75,Philippines,296-891-1538
775,Nat,Demeza,ndemezali@huffingtonpost.com,F,20,China,398-221-9407
776,Shirl,Kettley,skettleylj@themeforest.net,F,72,Brazil,998-232-9112
777,Jasen,Dudding,jduddinglk@hc360.com,M,51,Hungary,529-775-1783
778,Carlina,Bizley,cbizleyll@sakura.ne.jp,F,34,Philippines,695-457-2565
779,Shawn,MacLaig,smaclaiglm@desdev.cn,M,69,United States,214-524-6068
780,Juditha,Slocum,jslocumln@trellian.com,F,81,Greece,548-352-0643
781,Maighdiln,Axcel,maxcello@studiopress.com,F,40,Indonesia,342-528-6504
782,Marcelia,Baswall,mbaswalllp@slideshare.net,F,47,Indonesia,527-306-1789
783,Marabel,Vedikhov,mvedikhovlq@mayoclinic.com,F,61,Ecuador,955-319-6103
784,Mayer,Espinoy,mespinoylr@taobao.com,M,86,Iran,717-340-6750
785,Elvis,Pull,epullls@archive.org,M,64,Brazil,896-420-2013
786,Davon,Woollends,dwoollendslt@artisteer.com,M,30,Colombia,305-379-5843
787,Meredith,Ould,mouldlu@eventbrite.com,M,54,Sweden,958-637-6155
788,Phillip,Silverston,psilverstonlv@nyu.edu,M,65,Poland,378-896-8552
789,Pietrek,Scrine,pscrinelw@gmpg.org,M,67,France,540-145-8586
790,Archibold,Isakov,aisakovlx@nytimes.com,M,51,Latvia,966-555-4490
791,Maye,Janus,mjanusly@si.edu,F,68,Macedonia,844-248-7353
792,Leland,Kinchley,lkinchleylz@aboutads.info,F,79,Peru,502-160-8038
793,Osbourn,Sauter,osauterm0@netlog.com,M,30,Poland,193-494-1255
794,Fianna,Buddle,fbuddlem1@nydailynews.com,F,64,Russia,976-411-6617
795,Eleni,Rugiero,erugierom2@upenn.edu,F,43,Indonesia,886-184-8446
796,Alexei,Wychard,awychardm3@list-manage.com,M,84,Canada,925-585-1215
797,Solomon,Ambrogini,sambroginim4@myspace.com,M,77,Czech Republic,994-694-3080
798,Vally,Gumley,vgumleym5@senate.gov,F,88,South Africa,443-560-7983
799,Rana,Gildersleeve,rgildersleevem6@canalblog.com,F,57,Ukraine,112-848-8276
800,Randie,Donnan,rdonnanm7@usatoday.com,M,68,Brazil,389-841-3634
801,Tore,Skylett,tskylettm8@altervista.org,M,50,Albania,224-902-5482
802,De witt,Peerman,dpeermanm9@storify.com,M,36,Indonesia,898-237-8396
803,Ethyl,Baroux,ebarouxma@bluehost.com,F,87,Ivory Coast,372-122-6866
804,Cathee,Collinette,ccollinettemb@mayoclinic.com,F,73,Indonesia,193-726-6854
805,Rowena,Marusik,rmarusikmc@mtv.com,F,51,Argentina,593-513-2057
806,Patti,Sleeman,psleemanmd@ucla.edu,F,84,Brazil,414-728-3100
807,Madel,Spirritt,mspirrittme@mashable.com,F,59,Belarus,711-624-4931
808,Kermy,Hulmes,khulmesmf@dot.gov,M,18,Poland,948-513-2095
809,Moe,Yerby,myerbymg@123-reg.co.uk,M,54,France,737-713-8665
810,Ynes,Annand,yannandmh@lulu.com,F,25,Canada,656-710-3577
811,Terry,Skellern,tskellernmi@gnu.org,M,75,Philippines,662-605-2821
812,Daryl,Hatch,dhatchmj@liveinternet.ru,M,27,China,149-996-7520
813,Michaella,Sanbrooke,msanbrookemk@china.com.cn,F,30,Colombia,393-725-3966
814,Kaleb,Cornil,kcornilml@wikipedia.org,M,23,Japan,512-386-6684
815,Angie,Silliman,asillimanmm@example.com,M,75,South Korea,522-873-5450
816,Corty,Baiyle,cbaiylemn@tamu.edu,M,87,Indonesia,603-370-9788
817,Timoteo,Skeel,tskeelmo@japanpost.jp,M,26,Mali,968-191-3220
818,Marcie,Tye,mtyemp@wired.com,F,78,Cuba,354-607-5885
819,Cullan,Benjefield,cbenjefieldmq@alexa.com,M,84,Iran,701-910-6735
820,Armand,Quixley,aquixleymr@geocities.com,M,83,Indonesia,377-554-6262
821,Kort,Baff,kbaffms@nba.com,M,77,Thailand,806-868-8648
822,Calhoun,Maybery,cmayberymt@furl.net,M,64,Philippines,361-664-6318
823,Bartolomeo,O'Mailey,bomaileymu@addtoany.com,M,87,Luxembourg,982-833-9477
824,Thaddeus,Tippler,ttipplermv@census.gov,M,37,Russia,332-931-5995
825,Libbi,Kernocke,lkernockemw@un.org,F,61,Sweden,102-541-6659
826,Donalt,Blenkinsop,dblenkinsopmx@unesco.org,M,56,United States,772-257-6674
827,Yank,Ricardo,yricardomy@sphinn.com,M,67,Mexico,593-388-0563
828,Forrester,Swindin,fswindinmz@t-online.de,M,83,Philippines,122-201-0575
829,Coop,Richen,crichenn0@desdev.cn,M,24,El Salvador,388-562-7273
830,Bret,Rudsdell,brudsdelln1@guardian.co.uk,M,54,Uruguay,390-297-1992
831,Mirilla,Nealy,mnealyn2@auda.org.au,F,24,Russia,231-709-1827
832,Farlie,Seiler,fseilern3@ning.com,M,26,Portugal,603-872-9517
833,Art,Clayborn,aclaybornn4@upenn.edu,M,18,Peru,411-837-2498
834,Batholomew,Dolan,bdolann5@is.gd,M,83,Tanzania,775-364-6829
835,Gannon,Corbet,gcorbetn6@hhs.gov,M,31,Russia,841-302-0380
836,Karyl,Cornhill,kcornhilln7@netscape.com,F,82,Malaysia,502-654-5180
837,Niel,Allum,nallumn8@nifty.com,M,60,Sweden,865-671-7657
838,Waylan,Mulford,wmulfordn9@ocn.ne.jp,M,58,Russia,530-327-2405
839,Saunderson,Syncke,ssynckena@cnbc.com,M,20,China,463-578-2716
840,Harcourt,De Rechter,hderechternb@amazon.co.uk,M,30,Ghana,465-295-9704
841,Antonetta,Kollasch,akollaschnc@blog.com,F,46,Cyprus,493-430-0088
842,Sidonnie,Jaffrey,sjaffreynd@sciencedaily.com,F,74,Indonesia,266-702-9023
843,Coleen,Yurivtsev,cyurivtsevne@usatoday.com,F,67,Poland,104-914-0175
844,Alexandro,Daventry,adaventrynf@cdbaby.com,M,87,Sweden,664-103-0487
845,Babbette,Rizzardi,brizzarding@moonfruit.com,F,61,Peru,796-585-5102
846,Symon,Loseby,slosebynh@webnode.com,M,53,China,717-687-8521
847,Zach,MacIlory,zmaciloryni@boston.com,M,66,China,472-752-7645
848,Bret,Galletley,bgalletleynj@sina.com.cn,M,72,Sweden,406-668-9824
849,Ricki,Leger,rlegernk@joomla.org,M,43,Peru,642-969-3065
850,Noble,Compford,ncompfordnl@japanpost.jp,M,43,China,589-615-9574
851,Myrna,Manueau,mmanueaunm@bbc.co.uk,F,73,United States,615-993-2777
852,Aeriell,Robberecht,arobberechtnn@flavors.me,F,67,Sweden,305-714-9999
853,Malissia,Elliott,melliottno@bloglines.com,F,24,Brazil,371-293-6179
854,Annamarie,Jiras,ajirasnp@dedecms.com,F,43,Bosnia and Herzegovina,208-125-7333
855,Obie,Tebbet,otebbetnq@usa.gov,M,43,Argentina,258-665-4867
856,Corissa,Tomaskov,ctomaskovnr@myspace.com,F,86,Senegal,507-893-7663
857,Kaine,Swigger,kswiggerns@imgur.com,M,82,Azerbaijan,125-471-7200
858,Brook,Russell,brussellnt@microsoft.com,F,77,China,444-384-3304
859,Crosby,D'Onise,cdonisenu@posterous.com,M,85,Colombia,593-322-1876
860,Kippar,Doddridge,kdoddridgenv@businessinsider.com,M,75,Philippines,587-888-3161
861,Shannen,Stoad,sstoadnw@jiathis.com,F,68,Philippines,220-161-0500
862,Sashenka,Enterle,senterlenx@smugmug.com,F,21,Argentina,618-752-9535
863,Melvyn,Duker,mdukerny@adobe.com,M,55,China,709-988-5758
864,Silvan,Brittian,sbrittiannz@icio.us,M,39,France,753-994-4954
865,Rosana,Coakley,rcoakleyo0@sphinn.com,F,75,Indonesia,312-474-1864
866,Grantham,Shelmerdine,gshelmerdineo1@bandcamp.com,M,76,Indonesia,748-497-3758
867,Ritchie,Hince,rhinceo2@webs.com,M,71,Poland,235-445-4170
868,Jimmie,O'Donnelly,jodonnellyo3@mozilla.com,M,76,Russia,233-979-3528
869,Taryn,Sheen,tsheeno4@cbsnews.com,F,67,Russia,510-194-3688
870,Barty,Hairs,bhairso5@webeden.co.uk,M,86,Poland,814-210-3520
871,Cherilyn,Wasielewicz,cwasielewiczo6@usgs.gov,F,80,France,851-968-8618
872,Baxie,Quartermain,bquartermaino7@bandcamp.com,M,41,Latvia,709-873-3785
873,Avivah,Mousley,amousleyo8@seattletimes.com,F,27,China,562-208-8933
874,Chris,Robarts,crobartso9@wunderground.com,F,79,France,548-738-9010
875,Querida,Edgerly,qedgerlyoa@nature.com,F,71,Bolivia,288-469-5771
876,Marget,O' Concannon,moconcannonob@g.co,F,65,Indonesia,383-943-9329
877,Costanza,Rawlinson,crawlinsonoc@google.com,F,50,Indonesia,955-897-3002
878,Ralph,Kinahan,rkinahanod@paginegialle.it,M,80,Portugal,883-753-6405
879,Terri,Fannin,tfanninoe@imgur.com,M,70,Greece,276-451-6324
880,Julita,Felgate,jfelgateof@google.es,F,57,Argentina,150-437-8471
881,Arman,McCarlie,amccarlieog@wisc.edu,M,80,Venezuela,568-439-2148
882,Tabbitha,Handslip,thandslipoh@miibeian.gov.cn,F,37,China,288-990-7624
883,Darin,Sketch,dsketchoi@unesco.org,M,41,China,422-226-2166
884,Deane,Ennals,dennalsoj@ed.gov,F,37,China,393-977-8884
885,Tyrone,Widd,twiddok@telegraph.co.uk,M,79,Mexico,459-498-2225
886,Dacy,Ogle,dogleol@e-recht24.de,F,21,Philippines,876-154-7752
887,Ileane,Checcuzzi,icheccuzziom@businessinsider.com,F,30,France,498-311-7945
888,Ole,Proffitt,oproffitton@wiley.com,M,33,Russia,988-161-5914
889,Ronnica,Grimstead,rgrimsteadoo@github.io,F,70,China,583-103-6798
890,Ediva,Brickell,ebrickellop@facebook.com,F,39,Thailand,262-848-1927
891,Xena,Mutton,xmuttonoq@webs.com,F,18,Russia,975-498-1019
892,Torrey,Pounds,tpoundsor@wp.com,M,26,Croatia,429-298-8160
893,Elladine,Messruther,emessrutheros@jalbum.net,F,54,Croatia,823-690-0219
894,Antone,Saiens,asaiensot@newsvine.com,M,31,Poland,603-871-5155
895,Kara-lynn,Brenton,kbrentonou@theatlantic.com,F,20,Pakistan,705-355-5776
896,Ban,Siggens,bsiggensov@mayoclinic.com,M,59,China,465-782-9065
897,Nils,Canedo,ncanedoow@archive.org,M,42,Indonesia,532-395-4688
898,Eldredge,Beavers,ebeaversox@tumblr.com,M,56,France,502-762-0644
899,Barnie,Lisciandri,blisciandrioy@nyu.edu,M,21,Mongolia,227-420-6778
900,Giustino,Kordes,gkordesoz@ehow.com,M,52,Portugal,292-836-1959
901,Elwin,Guisler,eguislerp0@google.com,M,63,Peru,853-403-5933
902,Rockey,Navarro,rnavarrop1@google.cn,M,44,Czech Republic,160-966-2751
903,Roderick,Mont,rmontp2@storify.com,M,74,Indonesia,782-742-9130
904,Geraldine,Tidey,gtideyp3@ow.ly,F,28,Venezuela,148-163-1426
905,Stacee,Mossman,smossmanp4@nba.com,M,71,Kuwait,896-276-1149
906,Jewelle,Hambridge,jhambridgep5@xrea.com,F,85,Mexico,906-450-9075
907,Cami,Tweedy,ctweedyp6@cpanel.net,F,23,Poland,505-884-2141
908,George,Olyfant,golyfantp7@va.gov,M,74,Macedonia,957-456-6650
909,Lennie,Burberow,lburberowp8@diigo.com,M,42,Japan,620-587-4945
910,Geoffrey,Syrie,gsyriep9@facebook.com,M,45,South Africa,113-366-4714
911,Gates,Cubley,gcubleypa@csmonitor.com,F,61,Indonesia,526-435-7102
912,Clywd,Sheppey,csheppeypb@mail.ru,M,82,Azerbaijan,603-321-7014
913,Owen,Munehay,omunehaypc@state.gov,M,27,China,786-608-7213
914,Shawn,Howsin,showsinpd@ihg.com,M,66,Russia,688-184-2547
915,Bourke,Feragh,bferaghpe@columbia.edu,M,72,Thailand,374-596-0522
916,Christy,Biasini,cbiasinipf@va.gov,F,69,France,734-300-4503
917,Justina,Morrallee,jmorralleepg@bbb.org,F,58,Germany,145-725-7962
918,Evelyn,Garley,egarleyph@clickbank.net,M,71,China,713-788-3324
919,Ricky,Lovelace,rlovelacepi@youku.com,F,72,Ukraine,182-228-2432
920,Torrance,Dalgarno,tdalgarnopj@uol.com.br,M,32,Indonesia,545-352-6840
921,Cornell,Birdseye,cbirdseyepk@linkedin.com,M,20,China,217-422-9458
922,Jodi,McNab,jmcnabpl@forbes.com,M,61,Poland,591-986-6061
923,Dody,Blamey,dblameypm@home.pl,F,85,Brazil,733-969-7973
924,Loralee,Handman,lhandmanpn@guardian.co.uk,F,87,Indonesia,222-261-7500
925,Jorgan,Tayspell,jtayspellpo@mayoclinic.com,M,51,Yemen,679-294-0231
926,Giff,Badby,gbadbypp@shop-pro.jp,M,74,Poland,686-933-9646
927,Harriett,Shacklady,hshackladypq@wiley.com,F,41,Honduras,635-224-3636
928,Trudey,Sherringham,tsherringhampr@shareasale.com,F,34,Iran,787-501-0067
929,Andie,Flea,afleaps@weebly.com,F,83,China,232-622-7953
930,Myrvyn,Lambie,mlambiept@wordpress.com,M,81,South Africa,587-484-8611
931,Wini,Devote,wdevotepu@scribd.com,F,89,Russia,179-619-9467
932,Matty,Batha,mbathapv@mozilla.com,F,41,Indonesia,795-455-7784
933,Bowie,Eaken,beakenpw@engadget.com,M,35,Togo,164-549-4752
934,Lonnard,Hullot,lhullotpx@ovh.net,M,44,Poland,543-827-0619
935,Kerri,Kynnd,kkynndpy@csmonitor.com,F,20,China,873-204-6564
936,Archibaldo,Snewin,asnewinpz@ihg.com,M,25,Vietnam,378-110-2721
937,Nicky,Matejic,nmatejicq0@storify.com,F,18,Colombia,672-638-9303
938,Syd,Hair,shairq1@pbs.org,M,52,Mongolia,200-765-7274
939,Vanda,Mulbery,vmulberyq2@artisteer.com,F,19,Philippines,685-602-9958
940,Alisander,Stanners,astannersq3@hubpages.com,M,57,Vietnam,279-807-5309
941,Vivia,Goldin,vgoldinq4@prweb.com,F,25,Norway,926-434-3267
942,Margarete,Durtnal,mdurtnalq5@wunderground.com,F,75,Finland,690-198-2589
943,Dixie,Landsberg,dlandsbergq6@mlb.com,F,33,Indonesia,283-864-8785
944,Christel,Bermingham,cberminghamq7@pinterest.com,F,44,Panama,428-253-6611
945,Calv,Semor,csemorq8@princeton.edu,M,48,Chile,645-600-5982
946,Tuck,Clayborn,tclaybornq9@shareasale.com,M,54,Indonesia,579-252-8838
947,Mira,Sturley,msturleyqa@unesco.org,F,51,France,557-412-4160
948,Tilly,Sinisbury,tsinisburyqb@jalbum.net,F,74,Yemen,411-232-4844
949,Creigh,D'Ambrogi,cdambrogiqc@timesonline.co.uk,M,46,Benin,423-340-7329
950,Lizzy,Buxey,lbuxeyqd@google.com.hk,F,87,Costa Rica,889-551-2815
951,Dominique,Bednall,dbednallqe@barnesandnoble.com,M,33,Portugal,123-810-4776
952,Ginelle,Robillard,grobillardqf@ameblo.jp,F,89,Philippines,247-403-5608
953,Daniel,Falkingham,dfalkinghamqg@amazon.co.jp,M,89,El Salvador,563-612-7234
954,Joceline,Corstorphine,jcorstorphineqh@scribd.com,F,63,South Africa,967-318-5278
955,Valentino,Hendricks,vhendricksqi@cloudflare.com,M,75,China,286-145-9840
956,Haily,Butfield,hbutfieldqj@dailymail.co.uk,F,31,Ireland,208-414-0149
957,Denny,Hemshall,dhemshallqk@discuz.net,M,32,China,523-103-5939
958,Julie,Kenna,jkennaql@google.it,M,84,China,445-250-2358
959,Deva,Geany,dgeanyqm@icq.com,F,57,Poland,458-909-8208
960,Wilmette,Sidle,wsidleqn@ycombinator.com,F,29,Indonesia,495-609-0866
961,Eldon,Wivell,ewivellqo@epa.gov,M,52,Poland,189-699-1068
962,Eugen,Jablonski,ejablonskiqp@amazon.co.jp,M,31,China,769-316-5864
963,Ferdinand,Canizares,fcanizaresqq@microsoft.com,M,48,China,720-915-1843
964,Chantal,Collett,ccollettqr@dailymail.co.uk,F,86,Czech Republic,281-576-8062
965,Margalo,Bowditch,mbowditchqs@zimbio.com,F,21,Indonesia,215-898-4593
966,Reynolds,Kerwick,rkerwickqt@blogs.com,M,56,Sweden,329-667-1970
967,Molly,Cristofvao,mcristofvaoqu@abc.net.au,F,41,Brazil,164-129-1373
968,Charita,Kolodziej,ckolodziejqv@jimdo.com,F,69,China,311-826-1120
969,Lorry,Swatheridge,lswatheridgeqw@businesswire.com,F,62,Indonesia,166-552-7597
970,Arlyne,Kynaston,akynastonqx@newyorker.com,F,35,Poland,450-956-2656
971,Patrice,Harrill,pharrillqy@craigslist.org,F,64,Mexico,107-305-6901
972,Marika,Adair,madairqz@vkontakte.ru,F,61,Bulgaria,401-368-3277
973,Hedi,Kaes,hkaesr0@last.fm,F,50,France,501-689-8265
974,Greg,Youle,gyouler1@examiner.com,M,54,China,738-401-4965
975,Colene,York,cyorkr2@columbia.edu,F,86,Lithuania,731-173-2693
976,Margarete,Nertney,mnertneyr3@devhub.com,F,58,United States,405-706-9331
977,Reginald,Bumpass,rbumpassr4@php.net,M,24,China,995-112-4397
978,Yancy,Craiker,ycraikerr5@t-online.de,M,55,Brazil,530-592-2037
979,Saba,Monelle,smoneller6@twitpic.com,F,33,China,659-425-5903
980,Bryna,Cristoforetti,bcristoforettir7@mediafire.com,F,19,Philippines,942-604-8074
981,Steffen,Walklate,swalklater8@paginegialle.it,M,21,United States,703-488-5388
982,Kendall,Strother,kstrotherr9@last.fm,M,79,Canada,344-530-7901
983,Marquita,Gatley,mgatleyra@who.int,F,22,Nigeria,335-287-6520
984,Kassia,Barnwall,kbarnwallrb@icio.us,F,47,Philippines,623-249-1605
985,Doria,Nutten,dnuttenrc@hud.gov,F,45,Philippines,898-860-7878
986,Rhodie,Hegg,rheggrd@surveymonkey.com,F,23,China,661-520-8671
987,Miquela,Rickword,mrickwordre@mediafire.com,F,85,Malaysia,737-610-9647
988,Fleurette,Schofield,fschofieldrf@fda.gov,F,41,Canada,492-309-4944
989,Lorita,Bonallack,lbonallackrg@uiuc.edu,F,47,Russia,438-843-9285
990,Emma,Derisley,ederisleyrh@dailymotion.com,F,28,Iran,445-236-0604
991,Roseann,Audritt,raudrittri@cloudflare.com,F,47,United States,916-233-9082
992,Corella,Mor,cmorrj@ycombinator.com,F,55,China,998-461-1992
993,Garfield,Gagin,ggaginrk@exblog.jp,M,18,China,584-317-6054
994,Roxi,Maudlin,rmaudlinrl@godaddy.com,F,21,Sweden,771-848-1145
995,Darrick,Lineker,dlinekerrm@ifeng.com,M,64,Bolivia,213-104-4607
996,Krishna,Janisson,kjanissonrn@bluehost.com,M,23,China,887-658-6432
997,Dominique,Szabo,dszaboro@opera.com,F,53,Czech Republic,593-490-7184
998,Bonny,Bannerman,bbannermanrp@ebay.co.uk,F,56,Indonesia,244-284-1825
999,Ailbert,Gannaway,agannawayrq@vistaprint.com,M,69,Mexico,742-188-3764
1000,Maryrose,Torres,mtorresrr@pen.io,F,86,Indonesia,881-345-7568
